condition,v_mag,policy,eta_mean,eta_std
R2,0.01,zero,0.4694999999999999,0.022410934831014966
R2,0.01,heur_perp,0.4580000000000001,0.024310491562286433
R2,0.01,heur_branch,0.43999999999999995,0.029240383034426894
R2,0.03,zero,0.4694999999999999,0.022410934831014966
R2,0.03,heur_perp,0.37350000000000005,0.032252906845740274
R2,0.03,heur_branch,0.426,0.028266588050205137
R2,0.1,zero,0.4694999999999999,0.022410934831014966
R2,0.1,heur_perp,0.301,0.039166312055132275
R2,0.1,heur_branch,0.42300000000000004,0.029765752132274427
R2,0.3,zero,0.4694999999999999,0.022410934831014966
R2,0.3,heur_perp,0.0,0.0
R2,0.3,heur_branch,0.9514999999999999,0.002291287847477922
R2,1.0,zero,0.4694999999999999,0.022410934831014966
R2,1.0,heur_perp,0.42699999999999994,0.1502031957050182
R2,1.0,heur_branch,0.962,0.011445523142259606
R4,0.01,zero,0.48249999999999993,0.025908492816063233
R4,0.01,heur_perp,0.493,0.024515301344262535
R4,0.01,heur_branch,0.5075000000000001,0.028217902119044916
R4,0.03,zero,0.48249999999999993,0.025908492816063233
R4,0.03,heur_perp,0.5225,0.02040220576310318
R4,0.03,heur_branch,0.5485,0.019880895352071028
R4,0.1,zero,0.48249999999999993,0.025908492816063233
R4,0.1,heur_perp,0.6375,0.0266692707061892
R4,0.1,heur_branch,0.7055,0.03379718923224237
R4,0.3,zero,0.48249999999999993,0.025908492816063233
R4,0.3,heur_perp,0.8819999999999999,0.016613247725836167
R4,0.3,heur_branch,0.9195,0.009340770846134711
R4,1.0,zero,0.48249999999999993,0.025908492816063233
R4,1.0,heur_perp,0.9365,0.007088723439378875
R4,1.0,heur_branch,0.9580000000000002,0.006000000000000005
