condition,policy,eta,return,r_progress,r_target,r_other,r_effort
R1,zero,0.0,0.0,0.0,0.0,0.0,0.0
R1,random,0.0,-0.2321934495146512,0.010620000513128601,0.0,0.0,-0.24281345002777982
R1,heur_perp,0.0,0.0,0.0,0.0,0.0,0.0
R1,heur_branch,0.975,1.6477934392294613,0.9887934392294615,0.975,0.0,-0.3160000000000002
R2,zero,0.48816666666666664,0.5818399835629421,0.5555066502296088,0.48816666666666664,-0.4618333333333334,0.0
R2,random,0.4775,0.37111720294089334,0.5482921600769283,0.4775,-0.463,-0.19167495713603558
R2,heur_perp,0.0023333333333333335,0.5313253779416012,0.6520253779416012,0.0023333333333333335,0.0,-0.12303333333333337
R2,heur_branch,0.9533333333333333,1.6474784297323772,0.9883117630657062,0.9533333333333333,0.0,-0.29416666666666685
R3,zero,0.48833333333333334,0.582195736418402,0.5555290697517352,0.48833333333333334,-0.46166666666666667,0.0
R3,random,0.47583333333333333,0.3658170535660229,0.5462224731672424,0.47583333333333333,-0.4658333333333333,-0.19040541960121996
R3,heur_perp,0.0016666666666666668,0.5864901343591921,0.6649234676925251,0.0016666666666666668,0.0,-0.0801
R3,heur_branch,0.9521666666666666,1.6472857263688359,0.9882357263688323,0.9521666666666666,0.0,-0.2931166666666669
R4,zero,0.4793333333333333,0.5564189847091446,0.5477523180424778,0.4793333333333333,-0.4706666666666666,0.0
R4,random,0.46849999999999997,0.40784169942432114,0.5389926735597194,0.46849999999999997,-0.4821666666666667,-0.11748430746873174
R4,heur_perp,0.8825000000000001,1.6900418498408507,0.9220251831741845,0.8825000000000001,-0.068,-0.046483333333333335
R4,heur_branch,0.9196666666666666,1.682500189515121,0.9555001895151203,0.9196666666666666,-0.03183333333333334,-0.16083333333333344
