variable,min,max,media,desv,no_finitos
centroid_x,-4.9990664,3.2132814,-1.0712738,2.6963804,0
centroid_y,-2.251136,2.4307811,0.3204512,0.7420267,0
spread_x,0.0004386373,2.1736963,0.8301803,0.6703595,0
spread_y,0.0012688902,1.9480511,0.54411453,0.44366172,0
frac_target,0.0,0.985,0.15016295,0.2261451,0
frac_other,0.0,0.525,0.08377125,0.15733033,0
frac_active,0.015,1.0,0.76607364,0.3480231,0
phase_sin,-1.0,1.0,0.013093064,0.7067082,0
phase_cos,-1.0,1.0,0.0031388665,0.7073502,0
prev_action_x,-0.9883153,0.9987911,0.18294111,0.44990838,0
prev_action_y,-0.9937856,1.0,0.15203805,0.39572462,0
