n_particles,policy,eta_mean,eta_std
25,zero,0.47400000000000003,0.09901515035589252
25,heur_branch,0.93,0.039749213828703577
50,zero,0.483,0.05908468498688979
50,heur_branch,0.9259999999999999,0.024576411454888994
100,zero,0.469,0.03576310948449534
100,heur_branch,0.9175000000000001,0.01757128339080557
200,zero,0.48024999999999995,0.03322179254645963
200,heur_branch,0.9195,0.01182159041753689
400,zero,0.4742499999999999,0.02408448670825268
400,heur_branch,0.9173750000000002,0.008641288966352188
