condition,policy,seed,eta,eta_other,frac_active,steps,terminated,return,r_progress,r_target,r_other,r_effort
R1,zero,0,0.0,0.0,1.0,800,False,0.0,0.0,0.0,0.0,0.0
R1,zero,1,0.0,0.0,1.0,800,False,0.0,0.0,0.0,0.0,0.0
R1,zero,2,0.0,0.0,1.0,800,False,0.0,0.0,0.0,0.0,0.0
R1,zero,3,0.0,0.0,1.0,800,False,0.0,0.0,0.0,0.0,0.0
R1,zero,4,0.0,0.0,1.0,800,False,0.0,0.0,0.0,0.0,0.0
R1,zero,5,0.0,0.0,1.0,800,False,0.0,0.0,0.0,0.0,0.0
R1,zero,6,0.0,0.0,1.0,800,False,0.0,0.0,0.0,0.0,0.0
R1,zero,7,0.0,0.0,1.0,800,False,0.0,0.0,0.0,0.0,0.0
R1,zero,8,0.0,0.0,1.0,800,False,0.0,0.0,0.0,0.0,0.0
R1,zero,9,0.0,0.0,1.0,800,False,0.0,0.0,0.0,0.0,0.0
R1,zero,10,0.0,0.0,1.0,800,False,0.0,0.0,0.0,0.0,0.0
R1,zero,11,0.0,0.0,1.0,800,False,0.0,0.0,0.0,0.0,0.0
R1,zero,12,0.0,0.0,1.0,800,False,0.0,0.0,0.0,0.0,0.0
R1,zero,13,0.0,0.0,1.0,800,False,0.0,0.0,0.0,0.0,0.0
R1,zero,14,0.0,0.0,1.0,800,False,0.0,0.0,0.0,0.0,0.0
R1,zero,15,0.0,0.0,1.0,800,False,0.0,0.0,0.0,0.0,0.0
R1,zero,16,0.0,0.0,1.0,800,False,0.0,0.0,0.0,0.0,0.0
R1,zero,17,0.0,0.0,1.0,800,False,0.0,0.0,0.0,0.0,0.0
R1,zero,18,0.0,0.0,1.0,800,False,0.0,0.0,0.0,0.0,0.0
R1,zero,19,0.0,0.0,1.0,800,False,0.0,0.0,0.0,0.0,0.0
R1,zero,20,0.0,0.0,1.0,800,False,0.0,0.0,0.0,0.0,0.0
R1,zero,21,0.0,0.0,1.0,800,False,0.0,0.0,0.0,0.0,0.0
R1,zero,22,0.0,0.0,1.0,800,False,0.0,0.0,0.0,0.0,0.0
R1,zero,23,0.0,0.0,1.0,800,False,0.0,0.0,0.0,0.0,0.0
R1,zero,24,0.0,0.0,1.0,800,False,0.0,0.0,0.0,0.0,0.0
R1,zero,25,0.0,0.0,1.0,800,False,0.0,0.0,0.0,0.0,0.0
R1,zero,26,0.0,0.0,1.0,800,False,0.0,0.0,0.0,0.0,0.0
R1,zero,27,0.0,0.0,1.0,800,False,0.0,0.0,0.0,0.0,0.0
R1,zero,28,0.0,0.0,1.0,800,False,0.0,0.0,0.0,0.0,0.0
R1,zero,29,0.0,0.0,1.0,800,False,0.0,0.0,0.0,0.0,0.0
R1,random,0,0.0,0.0,1.0,800,False,-0.24372006475963226,-0.01045020860238799,0.0,0.0,-0.23326985615724422
R1,random,1,0.0,0.0,1.0,800,False,-0.24907401686520245,-0.005685096267116885,0.0,0.0,-0.24338892059808556
R1,random,2,0.0,0.0,1.0,800,False,-0.23813102798816088,0.00043799517788700726,0.0,0.0,-0.23856902316604786
R1,random,3,0.0,0.0,1.0,800,False,-0.17685293013244546,0.06623369132595536,0.0,0.0,-0.2430866214584008
R1,random,4,0.0,0.0,1.0,800,False,-0.23602612401347675,0.008786497571553142,0.0,0.0,-0.2448126215850299
R1,random,5,0.0,0.0,1.0,800,False,-0.22686809759916396,0.012888271386067851,0.0,0.0,-0.23975636898523175
R1,random,6,0.0,0.0,1.0,800,False,-0.247423631248669,-0.0036583593252529356,0.0,0.0,-0.24376527192341604
R1,random,7,0.0,0.0,1.0,800,False,-0.2518486126749789,-0.007745245831855652,0.0,0.0,-0.2441033668431232
R1,random,8,0.0,0.0,1.0,800,False,-0.24268036741503055,-0.007815636126941361,0.0,0.0,-0.23486473128808924
R1,random,9,0.0,0.0,1.0,800,False,-0.2208908367652437,0.0224497876811508,0.0,0.0,-0.2433406244463947
R1,random,10,0.0,0.0,1.0,800,False,-0.23531203501936504,0.009266354379265374,0.0,0.0,-0.24457838939863033
R1,random,11,0.0,0.0,1.0,800,False,-0.24802055873536977,-0.009800070384755388,0.0,0.0,-0.23822048835061443
R1,random,12,0.0,0.0,1.0,800,False,-0.24753418894599766,-0.0019004289877193603,0.0,0.0,-0.24563375995827824
R1,random,13,0.0,0.0,1.0,800,False,-0.2516601269190146,-0.007004846276691623,0.0,0.0,-0.24465528064232314
R1,random,14,0.0,0.0,1.0,800,False,-0.2568735982944415,-0.005463916091726251,0.0,0.0,-0.2514096822027153
R1,random,15,0.0,0.0,1.0,800,False,-0.2408584199497861,0.00936252718737296,0.0,0.0,-0.2502209471371591
R1,random,16,0.0,0.0,1.0,800,False,-0.217894022573057,0.027551199064916987,0.0,0.0,-0.24544522163797394
R1,random,17,0.0,0.0,1.0,800,False,-0.24171464437268098,0.0016224750474935767,0.0,0.0,-0.24333711942017464
R1,random,18,0.0,0.0,1.0,800,False,-0.23881546280862626,0.0011229633670908346,0.0,0.0,-0.2399384261757171
R1,random,19,0.0,0.0,1.0,800,False,-0.24597926671212433,-0.004547926015886272,0.0,0.0,-0.24143134069623812
R1,random,20,0.0,0.0,1.0,800,False,-0.2183108845833043,0.02359033908431407,0.0,0.0,-0.24190122366761838
R1,random,21,0.0,0.0,1.0,800,False,-0.2577340622239978,-0.004702063957492286,0.0,0.0,-0.2530319982665054
R1,random,22,0.0,0.0,1.0,800,False,-0.22528241395286677,0.01348677277832111,0.0,0.0,-0.238769186731188
R1,random,23,0.0,0.0,1.0,800,False,-0.18212929261187166,0.06035366708246259,0.0,0.0,-0.2424829596943342
R1,random,24,0.0,0.0,1.0,800,False,-0.22778198526336638,0.012403388043540242,0.0,0.0,-0.24018537330690656
R1,random,25,0.0,0.0,1.0,800,False,-0.23828312249789776,-0.001401035838982878,0.0,0.0,-0.23688208665891483
R1,random,26,0.0,0.0,1.0,800,False,-0.21994369843765135,0.02162489231490461,0.0,0.0,-0.2415685907525559
R1,random,27,0.0,0.0,1.0,800,False,-0.20475357060758603,0.04098327259710166,0.0,0.0,-0.24573684320468767
R1,random,28,0.0,0.0,1.0,800,False,-0.2490497798080185,-0.005072293627153779,0.0,0.0,-0.2439774861808648
R1,random,29,0.0,0.0,1.0,800,False,-0.18435664166050916,0.061683048638422444,0.0,0.0,-0.24603969029893155
R1,heur_perp,0,0.0,0.0,1.0,800,False,0.0,0.0,0.0,0.0,0.0
R1,heur_perp,1,0.0,0.0,1.0,800,False,0.0,0.0,0.0,0.0,0.0
R1,heur_perp,2,0.0,0.0,1.0,800,False,0.0,0.0,0.0,0.0,0.0
R1,heur_perp,3,0.0,0.0,1.0,800,False,0.0,0.0,0.0,0.0,0.0
R1,heur_perp,4,0.0,0.0,1.0,800,False,0.0,0.0,0.0,0.0,0.0
R1,heur_perp,5,0.0,0.0,1.0,800,False,0.0,0.0,0.0,0.0,0.0
R1,heur_perp,6,0.0,0.0,1.0,800,False,0.0,0.0,0.0,0.0,0.0
R1,heur_perp,7,0.0,0.0,1.0,800,False,0.0,0.0,0.0,0.0,0.0
R1,heur_perp,8,0.0,0.0,1.0,800,False,0.0,0.0,0.0,0.0,0.0
R1,heur_perp,9,0.0,0.0,1.0,800,False,0.0,0.0,0.0,0.0,0.0
R1,heur_perp,10,0.0,0.0,1.0,800,False,0.0,0.0,0.0,0.0,0.0
R1,heur_perp,11,0.0,0.0,1.0,800,False,0.0,0.0,0.0,0.0,0.0
R1,heur_perp,12,0.0,0.0,1.0,800,False,0.0,0.0,0.0,0.0,0.0
R1,heur_perp,13,0.0,0.0,1.0,800,False,0.0,0.0,0.0,0.0,0.0
R1,heur_perp,14,0.0,0.0,1.0,800,False,0.0,0.0,0.0,0.0,0.0
R1,heur_perp,15,0.0,0.0,1.0,800,False,0.0,0.0,0.0,0.0,0.0
R1,heur_perp,16,0.0,0.0,1.0,800,False,0.0,0.0,0.0,0.0,0.0
R1,heur_perp,17,0.0,0.0,1.0,800,False,0.0,0.0,0.0,0.0,0.0
R1,heur_perp,18,0.0,0.0,1.0,800,False,0.0,0.0,0.0,0.0,0.0
R1,heur_perp,19,0.0,0.0,1.0,800,False,0.0,0.0,0.0,0.0,0.0
R1,heur_perp,20,0.0,0.0,1.0,800,False,0.0,0.0,0.0,0.0,0.0
R1,heur_perp,21,0.0,0.0,1.0,800,False,0.0,0.0,0.0,0.0,0.0
R1,heur_perp,22,0.0,0.0,1.0,800,False,0.0,0.0,0.0,0.0,0.0
R1,heur_perp,23,0.0,0.0,1.0,800,False,0.0,0.0,0.0,0.0,0.0
R1,heur_perp,24,0.0,0.0,1.0,800,False,0.0,0.0,0.0,0.0,0.0
R1,heur_perp,25,0.0,0.0,1.0,800,False,0.0,0.0,0.0,0.0,0.0
R1,heur_perp,26,0.0,0.0,1.0,800,False,0.0,0.0,0.0,0.0,0.0
R1,heur_perp,27,0.0,0.0,1.0,800,False,0.0,0.0,0.0,0.0,0.0
R1,heur_perp,28,0.0,0.0,1.0,800,False,0.0,0.0,0.0,0.0,0.0
R1,heur_perp,29,0.0,0.0,1.0,800,False,0.0,0.0,0.0,0.0,0.0
R1,heur_branch,0,0.965,0.0,0.035,632,True,1.6370003512907285,0.9880003512907283,0.965,0.0,-0.3160000000000002
R1,heur_branch,1,0.98,0.0,0.02,632,True,1.6527012252327982,0.9887012252327978,0.98,0.0,-0.3160000000000002
R1,heur_branch,2,0.97,0.0,0.03,632,True,1.6428275685394385,0.9888275685394387,0.97,0.0,-0.3160000000000002
R1,heur_branch,3,0.98,0.0,0.02,632,True,1.6527214748342587,0.9887214748342588,0.98,0.0,-0.3160000000000002
R1,heur_branch,4,0.99,0.0,0.01,632,True,1.6618704976762464,0.9878704976762464,0.99,0.0,-0.3160000000000002
R1,heur_branch,5,0.97,0.0,0.03,632,True,1.6430144448534492,0.9890144448534491,0.97,0.0,-0.3160000000000002
R1,heur_branch,6,0.985,0.0,0.015,632,True,1.6573744221997748,0.9883744221997746,0.985,0.0,-0.3160000000000002
R1,heur_branch,7,0.97,0.0,0.03,632,True,1.6428120696663797,0.9888120696663786,0.97,0.0,-0.3160000000000002
R1,heur_branch,8,0.975,0.0,0.025,632,True,1.6482649090548864,0.9892649090548861,0.975,0.0,-0.3160000000000002
R1,heur_branch,9,0.98,0.0,0.02,632,True,1.6523518549609488,0.9883518549609481,0.98,0.0,-0.3160000000000002
R1,heur_branch,10,0.95,0.0,0.05,631,True,1.6235391129209,0.9890391129209013,0.95,0.0,-0.3155000000000002
R1,heur_branch,11,0.98,0.0,0.02,632,True,1.6534746566144556,0.9894746566144557,0.98,0.0,-0.3160000000000002
R1,heur_branch,12,0.97,0.0,0.03,632,True,1.6431457205355253,0.989145720535526,0.97,0.0,-0.3160000000000002
R1,heur_branch,13,0.98,0.0,0.02,632,True,1.6521838464356275,0.9881838464356271,0.98,0.0,-0.3160000000000002
R1,heur_branch,14,0.96,0.0,0.04,632,True,1.6330843083046098,0.98908430830461,0.96,0.0,-0.3160000000000002
R1,heur_branch,15,0.975,0.0,0.025,632,True,1.6473786418347065,0.9883786418347071,0.975,0.0,-0.3160000000000002
R1,heur_branch,16,0.975,0.0,0.025,632,True,1.6482368664330935,0.9892368664330934,0.975,0.0,-0.3160000000000002
R1,heur_branch,17,0.955,0.0,0.045,632,True,1.628119623437435,0.9891196234374343,0.955,0.0,-0.3160000000000002
R1,heur_branch,18,0.975,0.0,0.025,632,True,1.6479408258563764,0.9889408258563767,0.975,0.0,-0.3160000000000002
R1,heur_branch,19,0.98,0.0,0.02,632,True,1.6528327299836993,0.9888327299836989,0.98,0.0,-0.3160000000000002
R1,heur_branch,20,0.98,0.0,0.02,632,True,1.6533363581809455,0.9893363581809455,0.98,0.0,-0.3160000000000002
R1,heur_branch,21,1.0,0.0,0.0,633,True,1.6724525434046955,0.9889525434046957,1.0,0.0,-0.3165000000000002
R1,heur_branch,22,0.99,0.0,0.01,632,True,1.6630059892183808,0.9890059892183815,0.99,0.0,-0.3160000000000002
R1,heur_branch,23,0.975,0.0,0.025,632,True,1.6476794945616386,0.9886794945616395,0.975,0.0,-0.3160000000000002
R1,heur_branch,24,0.975,0.0,0.025,632,True,1.6483059899749208,0.9893059899749216,0.975,0.0,-0.3160000000000002
R1,heur_branch,25,0.965,0.0,0.035,632,True,1.6381460091686764,0.9891460091686768,0.965,0.0,-0.3160000000000002
R1,heur_branch,26,0.98,0.0,0.02,632,True,1.6525267352008484,0.9885267352008492,0.98,0.0,-0.3160000000000002
R1,heur_branch,27,0.96,0.0,0.04,632,True,1.6324701885192185,0.9884701885192194,0.96,0.0,-0.3160000000000002
R1,heur_branch,28,0.99,0.0,0.01,632,True,1.6619371030594736,0.9879371030594744,0.99,0.0,-0.3160000000000002
R1,heur_branch,29,0.97,0.0,0.03,632,True,1.6430676149297068,0.989067614929706,0.97,0.0,-0.3160000000000002
R2,zero,0,0.495,0.455,0.05,627,True,0.6038363489710259,0.5638363489710267,0.495,-0.455,0.0
R2,zero,1,0.43,0.52,0.05,578,True,0.41118591270143884,0.5011859127014389,0.43,-0.52,0.0
R2,zero,2,0.42,0.53,0.05,556,True,0.3882981887321165,0.4982981887321166,0.42,-0.53,0.0
R2,zero,3,0.505,0.445,0.05,615,True,0.6244189947674526,0.5644189947674525,0.505,-0.445,0.0
R2,zero,4,0.535,0.415,0.05,627,True,0.7181857403263361,0.5981857403263358,0.535,-0.415,0.0
R2,zero,5,0.445,0.505,0.05,660,True,0.45754293874557145,0.5175429387455701,0.445,-0.505,0.0
R2,zero,6,0.49,0.46,0.05,508,True,0.5788011674621619,0.548801167462161,0.49,-0.46,0.0
R2,zero,7,0.49,0.46,0.05,545,True,0.5859454808537385,0.5559454808537396,0.49,-0.46,0.0
R2,zero,8,0.48,0.47,0.05,491,True,0.5561349163800462,0.546134916380046,0.48,-0.47,0.0
R2,zero,9,0.47,0.48,0.05,607,True,0.532516074980294,0.5425160749802929,0.47,-0.48,0.0
R2,zero,10,0.505,0.445,0.05,590,True,0.6325293777164782,0.5725293777164782,0.505,-0.445,0.0
R2,zero,11,0.425,0.525,0.05,634,True,0.3947441086315728,0.4947441086315729,0.425,-0.525,0.0
R2,zero,12,0.5,0.45,0.05,585,True,0.614810563011952,0.5648105630119531,0.5,-0.45,0.0
R2,zero,13,0.4,0.55,0.05,618,True,0.32454083095515146,0.47454083095515154,0.4,-0.55,0.0
R2,zero,14,0.535,0.415,0.05,624,True,0.7108624725748645,0.5908624725748644,0.535,-0.415,0.0
R2,zero,15,0.5,0.45,0.05,642,True,0.6125716996977466,0.5625716996977457,0.5,-0.45,0.0
R2,zero,16,0.51,0.44,0.05,577,True,0.6496695167199497,0.5796695167199495,0.51,-0.44,0.0
R2,zero,17,0.46,0.49,0.05,583,True,0.5001445355895004,0.5301445355895007,0.46,-0.49,0.0
R2,zero,18,0.49,0.46,0.05,628,True,0.5923487276200776,0.5623487276200771,0.49,-0.46,0.0
R2,zero,19,0.47,0.48,0.05,563,True,0.5305702404621098,0.5405702404621078,0.47,-0.48,0.0
R2,zero,20,0.46,0.49,0.05,609,True,0.4974299460242746,0.527429946024275,0.46,-0.49,0.0
R2,zero,21,0.49,0.46,0.05,534,True,0.5833541381583476,0.553354138158349,0.49,-0.46,0.0
R2,zero,22,0.47,0.48,0.05,599,True,0.5265071733952822,0.5365071733952829,0.47,-0.48,0.0
R2,zero,23,0.565,0.385,0.05,596,True,0.8038691132925735,0.6238691132925753,0.565,-0.385,0.0
R2,zero,24,0.5,0.45,0.05,529,True,0.6165937273162858,0.5665937273162858,0.5,-0.45,0.0
R2,zero,25,0.53,0.42,0.05,693,True,0.7135381343482188,0.6035381343482181,0.53,-0.42,0.0
R2,zero,26,0.495,0.455,0.05,675,True,0.6065122587312843,0.5665122587312852,0.495,-0.455,0.0
R2,zero,27,0.555,0.395,0.05,640,True,0.7738672640503894,0.6138672640503899,0.555,-0.395,0.0
R2,zero,28,0.565,0.385,0.05,596,True,0.8071754523532362,0.6271754523532358,0.565,-0.385,0.0
R2,zero,29,0.46,0.49,0.05,623,True,0.5066944623187862,0.5366944623187864,0.46,-0.49,0.0
R2,random,0,0.57,0.385,0.045,698,True,0.5906852030853478,0.6108500544542714,0.57,-0.385,-0.20516485136892593
R2,random,1,0.475,0.475,0.05,621,True,0.3387311440474609,0.5284116265456827,0.475,-0.475,-0.1896804824982235
R2,random,2,0.335,0.615,0.05,454,True,0.019681562179648098,0.4351034623102924,0.335,-0.615,-0.13542190013064434
R2,random,3,0.495,0.455,0.05,482,True,0.44633059234321815,0.5528459850378262,0.495,-0.455,-0.14651539269460895
R2,random,4,0.435,0.52,0.045,658,True,0.19800189464296947,0.4863322022498551,0.435,-0.52,-0.20333030760688622
R2,random,5,0.275,0.57,0.155,800,False,-0.18120167179298138,0.35355469719224997,0.275,-0.57,-0.23975636898523175
R2,random,6,0.44,0.51,0.05,770,True,0.22432658389908927,0.5281332245420775,0.44,-0.51,-0.23380664064298887
R2,random,7,0.535,0.415,0.05,709,True,0.516325627205123,0.611690823119603,0.535,-0.415,-0.21536519591448097
R2,random,8,0.39,0.56,0.05,760,True,0.056556629184014356,0.44989353778624963,0.39,-0.56,-0.2233369086022352
R2,random,9,0.56,0.39,0.05,520,True,0.6549194102996931,0.6406860958056478,0.56,-0.39,-0.15576668550595588
R2,random,10,0.41,0.54,0.05,713,True,0.11941695876324454,0.468057800022514,0.41,-0.54,-0.2186408412592701
R2,random,11,0.425,0.525,0.05,575,True,0.2377518226546898,0.50855889437382,0.425,-0.525,-0.17080707171912984
R2,random,12,0.545,0.405,0.05,751,True,0.5368178930123435,0.6273878149516536,0.545,-0.405,-0.23056992193931183
R2,random,13,0.515,0.435,0.05,535,True,0.48824145803854424,0.5738733950411647,0.515,-0.435,-0.1656319370026217
R2,random,14,0.395,0.555,0.05,520,True,0.16719868360787546,0.4889233567196674,0.395,-0.555,-0.16172467311179214
R2,random,15,0.52,0.43,0.05,585,True,0.4732681097693157,0.5654922872915435,0.52,-0.43,-0.1822241775222293
R2,random,16,0.38,0.49,0.13,800,False,0.10642116170709238,0.46186638334506624,0.38,-0.49,-0.24544522163797394
R2,random,17,0.43,0.485,0.085,800,False,0.19379363085618828,0.4921307502763638,0.43,-0.485,-0.24333711942017464
R2,random,18,0.53,0.42,0.05,757,True,0.46004360223544744,0.5782557191559472,0.53,-0.42,-0.22821211692050045
R2,random,19,0.53,0.42,0.05,574,True,0.5279442627575647,0.5887105160802901,0.53,-0.42,-0.17076625332272646
R2,random,20,0.44,0.51,0.05,796,True,0.22177562323773584,0.5322053097958186,0.44,-0.51,-0.24042968655808286
R2,random,21,0.495,0.375,0.13,800,False,0.4285088782923456,0.5615408765588468,0.495,-0.375,-0.2530319982665054
R2,random,22,0.51,0.44,0.05,423,True,0.5333423568776808,0.5926919226160362,0.51,-0.44,-0.1293495657383556
R2,random,23,0.7,0.255,0.045,498,True,1.0544972535100978,0.7615229540279772,0.7,-0.255,-0.1520257005178803
R2,random,24,0.495,0.455,0.05,625,True,0.43356260756607096,0.5806109335429077,0.495,-0.455,-0.1870483259768394
R2,random,25,0.375,0.575,0.05,631,True,0.04617547261000631,0.4343858412805509,0.375,-0.575,-0.18821036867054478
R2,random,26,0.585,0.365,0.05,461,True,0.7451996005197201,0.6623435227258144,0.585,-0.365,-0.13714392220609367
R2,random,27,0.62,0.33,0.05,454,True,0.8369771797527586,0.6928520458166754,0.62,-0.33,-0.14587486606391623
R2,random,28,0.52,0.43,0.05,672,True,0.48616587873247513,0.6006133158294658,0.52,-0.43,-0.20444743709698915
R2,random,29,0.395,0.555,0.05,484,True,0.17205667863202154,0.47923945381197064,0.395,-0.555,-0.14718277517994927
R2,heur_perp,0,0.0,0.0,1.0,800,False,0.517297201003116,0.6462972010031152,0.0,0.0,-0.1290000000000001
R2,heur_perp,1,0.0,0.0,1.0,800,False,0.5502369533358658,0.6587369533358656,0.0,0.0,-0.10850000000000008
R2,heur_perp,2,0.0,0.0,1.0,800,False,0.5413901765143263,0.6588901765143251,0.0,0.0,-0.11750000000000009
R2,heur_perp,3,0.0,0.0,1.0,800,False,0.5285692796219095,0.6530692796219109,0.0,0.0,-0.1245000000000001
R2,heur_perp,4,0.005,0.0,0.995,800,False,0.5196116024279405,0.6461116024279401,0.005,0.0,-0.1315000000000001
R2,heur_perp,5,0.0,0.0,1.0,800,False,0.5531423956003456,0.6626423956003451,0.0,0.0,-0.10950000000000008
R2,heur_perp,6,0.0,0.0,1.0,800,False,0.5259469658575231,0.6524469658575234,0.0,0.0,-0.12650000000000008
R2,heur_perp,7,0.0,0.0,1.0,800,False,0.52652629443532,0.6530262944353209,0.0,0.0,-0.12650000000000008
R2,heur_perp,8,0.0,0.0,1.0,800,False,0.5217346624998707,0.6492346624998706,0.0,0.0,-0.12750000000000009
R2,heur_perp,9,0.0,0.0,1.0,800,False,0.5281533407597905,0.6511533407597914,0.0,0.0,-0.1230000000000001
R2,heur_perp,10,0.0,0.0,1.0,800,False,0.5233771085011849,0.6533771085011864,0.0,0.0,-0.1300000000000001
R2,heur_perp,11,0.0,0.0,1.0,800,False,0.5412777657500172,0.6532777657500175,0.0,0.0,-0.11200000000000009
R2,heur_perp,12,0.005,0.0,0.995,800,False,0.5172777927625882,0.6462777927625873,0.005,0.0,-0.1340000000000001
R2,heur_perp,13,0.0,0.0,1.0,800,False,0.5464744547049829,0.654974454704983,0.0,0.0,-0.10850000000000008
R2,heur_perp,14,0.0,0.0,1.0,800,False,0.521191271650258,0.6496912716502581,0.0,0.0,-0.1285000000000001
R2,heur_perp,15,0.0,0.0,1.0,800,False,0.5282642643511539,0.6492642643511528,0.0,0.0,-0.1210000000000001
R2,heur_perp,16,0.0,0.0,1.0,800,False,0.5302697498319735,0.6562697498319727,0.0,0.0,-0.12600000000000008
R2,heur_perp,17,0.0,0.0,1.0,800,False,0.5367096607792335,0.6537096607792333,0.0,0.0,-0.11700000000000009
R2,heur_perp,18,0.0,0.0,1.0,800,False,0.5304389018184308,0.6534389018184319,0.0,0.0,-0.1230000000000001
R2,heur_perp,19,0.0,0.0,1.0,800,False,0.5402623801356401,0.6587623801356404,0.0,0.0,-0.11850000000000009
R2,heur_perp,20,0.0,0.0,1.0,800,False,0.5395958906546854,0.6545958906546869,0.0,0.0,-0.11500000000000009
R2,heur_perp,21,0.0,0.0,1.0,800,False,0.535219405158583,0.6497194051585842,0.0,0.0,-0.11450000000000009
R2,heur_perp,22,0.0,0.0,1.0,800,False,0.5350239016483811,0.6490239016483796,0.0,0.0,-0.11400000000000009
R2,heur_perp,23,0.0,0.0,1.0,800,False,0.5171815505686428,0.6511815505686425,0.0,0.0,-0.1340000000000001
R2,heur_perp,24,0.0,0.0,1.0,800,False,0.5358832649096961,0.6583832649096952,0.0,0.0,-0.1225000000000001
R2,heur_perp,25,0.0,0.0,1.0,800,False,0.5181746399224734,0.6451746399224725,0.0,0.0,-0.12700000000000009
R2,heur_perp,26,0.0,0.0,1.0,800,False,0.527920565097614,0.6494205650976137,0.0,0.0,-0.1215000000000001
R2,heur_perp,27,0.005,0.0,0.995,800,False,0.5105041979943709,0.6460041979943706,0.005,0.0,-0.1405000000000001
R2,heur_perp,28,0.055,0.0,0.945,800,False,0.5508279670360096,0.6403279670360095,0.055,0.0,-0.1445000000000001
R2,heur_perp,29,0.0,0.0,1.0,800,False,0.5412777329161071,0.656277732916108,0.0,0.0,-0.11500000000000009
R2,heur_branch,0,0.95,0.0,0.05,590,True,1.6424673692199294,0.9874673692199251,0.95,0.0,-0.2950000000000002
R2,heur_branch,1,0.95,0.0,0.05,589,True,1.6438336511489628,0.98833365114896,0.95,0.0,-0.2945000000000002
R2,heur_branch,2,0.95,0.0,0.05,587,True,1.6448909884087026,0.9883909884086988,0.95,0.0,-0.2935000000000002
R2,heur_branch,3,0.95,0.0,0.05,588,True,1.6441263899386622,0.988126389938657,0.95,0.0,-0.2940000000000002
R2,heur_branch,4,0.96,0.0,0.04,589,True,1.6528845595939285,0.987384559593923,0.96,0.0,-0.2945000000000002
R2,heur_branch,5,0.96,0.0,0.04,589,True,1.6540379155415932,0.9885379155415909,0.96,0.0,-0.2945000000000002
R2,heur_branch,6,0.955,0.0,0.045,582,True,1.6517150882618645,0.9877150882618622,0.955,0.0,-0.2910000000000002
R2,heur_branch,7,0.95,0.0,0.05,588,True,1.644293530880641,0.9882935308806379,0.95,0.0,-0.2940000000000002
R2,heur_branch,8,0.95,0.0,0.05,580,True,1.6483445395400458,0.9883445395400424,0.95,0.0,-0.2900000000000002
R2,heur_branch,9,0.96,0.0,0.04,585,True,1.6553522068640545,0.9878522068640483,0.96,0.0,-0.2925000000000002
R2,heur_branch,10,0.965,0.0,0.035,588,True,1.6598130038219805,0.9888130038219758,0.965,0.0,-0.2940000000000002
R2,heur_branch,11,0.95,0.0,0.05,585,True,1.6464181155439161,0.9889181155439107,0.95,0.0,-0.2925000000000002
R2,heur_branch,12,0.95,0.0,0.05,591,True,1.6433102692443178,0.9888102692443124,0.95,0.0,-0.2955000000000002
R2,heur_branch,13,0.955,0.0,0.045,592,True,1.646754326581003,0.9877543265809982,0.955,0.0,-0.2960000000000002
R2,heur_branch,14,0.955,0.0,0.045,586,True,1.6505456744606393,0.9885456744606346,0.955,0.0,-0.2930000000000002
R2,heur_branch,15,0.95,0.0,0.05,592,True,1.642074184249577,0.9880741842495728,0.95,0.0,-0.2960000000000002
R2,heur_branch,16,0.95,0.0,0.05,584,True,1.6465341390091082,0.9885341390091018,0.95,0.0,-0.2920000000000002
R2,heur_branch,17,0.95,0.0,0.05,586,True,1.6455933031110235,0.9885933031110201,0.95,0.0,-0.2930000000000002
R2,heur_branch,18,0.95,0.0,0.05,590,True,1.643571530262405,0.9885715302624019,0.95,0.0,-0.2950000000000002
R2,heur_branch,19,0.95,0.0,0.05,586,True,1.6453060422835382,0.9883060422835342,0.95,0.0,-0.2930000000000002
R2,heur_branch,20,0.95,0.0,0.05,589,True,1.6443170748674318,0.9888170748674272,0.95,0.0,-0.2945000000000002
R2,heur_branch,21,0.955,0.0,0.045,589,True,1.6490699702904867,0.9885699702904833,0.955,0.0,-0.2945000000000002
R2,heur_branch,22,0.955,0.0,0.045,583,True,1.6519184711441377,0.9884184711441337,0.955,0.0,-0.2915000000000002
R2,heur_branch,23,0.95,0.0,0.05,590,True,1.6431744197998353,0.98817441979983,0.95,0.0,-0.2950000000000002
R2,heur_branch,24,0.96,0.0,0.04,592,True,1.6529784448932707,0.9889784448932667,0.96,0.0,-0.2960000000000002
R2,heur_branch,25,0.955,0.0,0.045,593,True,1.647301063400602,0.9888010634005978,0.955,0.0,-0.2965000000000002
R2,heur_branch,26,0.95,0.0,0.05,592,True,1.6418793086955363,0.9878793086955321,0.95,0.0,-0.2960000000000002
R2,heur_branch,27,0.96,0.0,0.04,595,True,1.6506616469304447,0.9881616469304375,0.96,0.0,-0.2975000000000002
R2,heur_branch,28,0.955,0.0,0.045,589,True,1.6480468819150755,0.9875468819150692,0.955,0.0,-0.2945000000000002
R2,heur_branch,29,0.95,0.0,0.05,591,True,1.6431387820686054,0.9886387820686001,0.95,0.0,-0.2955000000000002
R3,zero,0,0.495,0.455,0.05,603,True,0.6037078190532814,0.5637078190532812,0.495,-0.455,0.0
R3,zero,1,0.435,0.515,0.05,574,True,0.4213440118505551,0.5013440118505558,0.435,-0.515,0.0
R3,zero,2,0.42,0.53,0.05,555,True,0.38820947177895454,0.49820947177895464,0.42,-0.53,0.0
R3,zero,3,0.505,0.445,0.05,586,True,0.6249711979052355,0.564971197905235,0.505,-0.445,0.0
R3,zero,4,0.535,0.415,0.05,602,True,0.7181560770529463,0.5981560770529463,0.535,-0.415,0.0
R3,zero,5,0.445,0.505,0.05,647,True,0.4576619145623497,0.5176619145623507,0.445,-0.505,0.0
R3,zero,6,0.485,0.465,0.05,500,True,0.568821156637416,0.5488211566374165,0.485,-0.465,0.0
R3,zero,7,0.49,0.46,0.05,535,True,0.5860699140444229,0.5560699140444216,0.49,-0.46,0.0
R3,zero,8,0.48,0.47,0.05,497,True,0.5558562890482299,0.5458562890482304,0.48,-0.47,0.0
R3,zero,9,0.47,0.48,0.05,589,True,0.5325576313160212,0.5425576313160209,0.47,-0.48,0.0
R3,zero,10,0.505,0.445,0.05,577,True,0.6323214538426996,0.5723214538426995,0.505,-0.445,0.0
R3,zero,11,0.43,0.52,0.05,600,True,0.4058144263098426,0.49581442630984124,0.43,-0.52,0.0
R3,zero,12,0.495,0.455,0.05,576,True,0.6046191867164936,0.5646191867164934,0.495,-0.455,0.0
R3,zero,13,0.4,0.55,0.05,603,True,0.32476519767599005,0.4747651976759901,0.4,-0.55,0.0
R3,zero,14,0.535,0.415,0.05,598,True,0.7111966649044728,0.5911966649044725,0.535,-0.415,0.0
R3,zero,15,0.5,0.45,0.05,644,True,0.6122535864155171,0.5622535864155151,0.5,-0.45,0.0
R3,zero,16,0.51,0.44,0.05,579,True,0.6498521575488254,0.5798521575488251,0.51,-0.44,0.0
R3,zero,17,0.46,0.49,0.05,578,True,0.4998143444895652,0.5298143444895647,0.46,-0.49,0.0
R3,zero,18,0.49,0.46,0.05,625,True,0.5921431055242417,0.5621431055242428,0.49,-0.46,0.0
R3,zero,19,0.47,0.48,0.05,562,True,0.5305614331082635,0.5405614331082635,0.47,-0.48,0.0
R3,zero,20,0.46,0.49,0.05,594,True,0.4977933427403312,0.5277933427403321,0.46,-0.49,0.0
R3,zero,21,0.495,0.455,0.05,524,True,0.5931634395681858,0.553163439568185,0.495,-0.455,0.0
R3,zero,22,0.47,0.48,0.05,597,True,0.5261671183253527,0.5361671183253517,0.47,-0.48,0.0
R3,zero,23,0.565,0.385,0.05,576,True,0.8038230658894718,0.623823065889473,0.565,-0.385,0.0
R3,zero,24,0.5,0.45,0.05,526,True,0.6164514535487207,0.5664514535487191,0.5,-0.45,0.0
R3,zero,25,0.53,0.42,0.05,701,True,0.7140144246360796,0.6040144246360802,0.53,-0.42,0.0
R3,zero,26,0.495,0.455,0.05,665,True,0.6065005263370569,0.5665005263370557,0.495,-0.455,0.0
R3,zero,27,0.555,0.395,0.05,619,True,0.7737799382125561,0.6137799382125542,0.555,-0.395,0.0
R3,zero,28,0.565,0.385,0.05,582,True,0.8069872693095854,0.6269872693095859,0.565,-0.385,0.0
R3,zero,29,0.46,0.49,0.05,598,True,0.5064944741993982,0.5364944741993988,0.46,-0.49,0.0
R3,random,0,0.565,0.385,0.05,691,True,0.5835631783295832,0.6068191469437126,0.565,-0.385,-0.20325596861413156
R3,random,1,0.475,0.475,0.05,608,True,0.34243525701795874,0.5289930572793768,0.475,-0.475,-0.1865578002614182
R3,random,2,0.35,0.6,0.05,453,True,0.06338680225343801,0.4484453580084583,0.35,-0.6,-0.13505855575502024
R3,random,3,0.495,0.455,0.05,483,True,0.446693655398589,0.5534524500198957,0.495,-0.455,-0.1467587946213067
R3,random,4,0.425,0.525,0.05,660,True,0.17394803291496244,0.4780518655878861,0.425,-0.525,-0.20410383267292415
R3,random,5,0.28,0.58,0.14,800,False,-0.1836572931057583,0.3560990758794731,0.28,-0.58,-0.23975636898523175
R3,random,6,0.435,0.515,0.05,678,True,0.23704583531918458,0.5223803712474113,0.435,-0.515,-0.20533453592822717
R3,random,7,0.53,0.42,0.05,677,True,0.507980305483484,0.6033192363197737,0.53,-0.42,-0.20533893083629073
R3,random,8,0.385,0.57,0.045,788,True,0.02863983220367549,0.44427358045345333,0.385,-0.57,-0.23063374824977773
R3,random,9,0.55,0.4,0.05,509,True,0.6289962665605086,0.6318015590674902,0.55,-0.4,-0.15280529250698188
R3,random,10,0.41,0.54,0.05,713,True,0.11795139166895238,0.46659223292822216,0.41,-0.54,-0.2186408412592701
R3,random,11,0.425,0.525,0.05,577,True,0.23787050758782505,0.5092410550990976,0.425,-0.525,-0.17137054751127193
R3,random,12,0.535,0.415,0.05,746,True,0.5074095754462988,0.6170374121943611,0.535,-0.415,-0.2296278367480631
R3,random,13,0.5,0.45,0.05,557,True,0.4425785125419115,0.5644403308633695,0.5,-0.45,-0.1718618183214559
R3,random,14,0.395,0.555,0.05,521,True,0.16807931582200908,0.4901332360162213,0.395,-0.555,-0.16205392019421208
R3,random,15,0.515,0.44,0.045,579,True,0.4545123569759472,0.560318662332359,0.515,-0.44,-0.1808063053564144
R3,random,16,0.37,0.495,0.135,800,False,0.0818277810778194,0.4522730027157936,0.37,-0.495,-0.24544522163797394
R3,random,17,0.435,0.48,0.085,800,False,0.20850114721989138,0.4968382666400647,0.435,-0.48,-0.24333711942017464
R3,random,18,0.515,0.435,0.05,756,True,0.4173426733012423,0.5650547902217431,0.515,-0.435,-0.22771211692050045
R3,random,19,0.545,0.405,0.05,590,True,0.5676419602182842,0.6021015023926699,0.545,-0.405,-0.17445954217438647
R3,random,20,0.44,0.515,0.045,784,True,0.21625643588391658,0.5275228437237652,0.44,-0.515,-0.23626640783984837
R3,random,21,0.51,0.365,0.125,800,False,0.4650913576237252,0.5731233558902278,0.51,-0.365,-0.2530319982665054
R3,random,22,0.505,0.445,0.05,422,True,0.5227452360385798,0.5919919531374508,0.505,-0.445,-0.12924671709887092
R3,random,23,0.695,0.265,0.04,502,True,1.0294147939062996,0.7526540824399172,0.695,-0.265,-0.15323928853362018
R3,random,24,0.475,0.475,0.05,620,True,0.3774173337998765,0.5632634013384115,0.475,-0.475,-0.18584606753853544
R3,random,25,0.39,0.56,0.05,638,True,0.08727796627548103,0.4478144082366729,0.39,-0.56,-0.19053644196119343
R3,random,26,0.615,0.34,0.045,458,True,0.8241064224746224,0.6851339090123216,0.615,-0.34,-0.13602748653770183
R3,random,27,0.62,0.33,0.05,437,True,0.84351931905104,0.6931676529841979,0.62,-0.33,-0.13964833393315995
R3,random,28,0.475,0.475,0.05,660,True,0.36000607069018037,0.5610194453516222,0.475,-0.475,-0.2010133746614404
R3,random,29,0.415,0.54,0.045,500,True,0.21592957700115897,0.49331695069184933,0.415,-0.54,-0.15238737369069047
R3,heur_perp,0,0.0,0.0,1.0,800,False,0.5781638998222208,0.6656638998222205,0.0,0.0,-0.08750000000000006
R3,heur_perp,1,0.0,0.0,1.0,800,False,0.6021238919087728,0.6641238919087713,0.0,0.0,-0.06200000000000005
R3,heur_perp,2,0.0,0.0,1.0,800,False,0.5915725349638248,0.6625725349638234,0.0,0.0,-0.07100000000000005
R3,heur_perp,3,0.0,0.0,1.0,800,False,0.5814840166942776,0.6614840166942777,0.0,0.0,-0.08000000000000006
R3,heur_perp,4,0.0,0.0,1.0,800,False,0.5736634115101698,0.6636634115101696,0.0,0.0,-0.09000000000000007
R3,heur_perp,5,0.0,0.0,1.0,800,False,0.5967335445686012,0.6657335445686002,0.0,0.0,-0.06900000000000005
R3,heur_perp,6,0.0,0.0,1.0,800,False,0.5853474062571982,0.6668474062571976,0.0,0.0,-0.08150000000000006
R3,heur_perp,7,0.0,0.0,1.0,800,False,0.5893586372671558,0.6698586372671558,0.0,0.0,-0.08050000000000006
R3,heur_perp,8,0.0,0.0,1.0,800,False,0.567381068283419,0.6598810682834197,0.0,0.0,-0.09250000000000007
R3,heur_perp,9,0.0,0.0,1.0,800,False,0.5831453355632131,0.663145335563213,0.0,0.0,-0.08000000000000006
R3,heur_perp,10,0.0,0.0,1.0,800,False,0.5848990756126333,0.6698990756126348,0.0,0.0,-0.08500000000000006
R3,heur_perp,11,0.0,0.0,1.0,800,False,0.600109284339094,0.6671092843390924,0.0,0.0,-0.06700000000000005
R3,heur_perp,12,0.0,0.0,1.0,800,False,0.5746482376222064,0.6636482376222068,0.0,0.0,-0.08900000000000007
R3,heur_perp,13,0.0,0.0,1.0,800,False,0.6079486019255433,0.6709486019255408,0.0,0.0,-0.06300000000000004
R3,heur_perp,14,0.0,0.0,1.0,800,False,0.569220815024725,0.662220815024725,0.0,0.0,-0.09300000000000007
R3,heur_perp,15,0.0,0.0,1.0,800,False,0.5917434530936075,0.668743453093607,0.0,0.0,-0.07700000000000005
R3,heur_perp,16,0.0,0.0,1.0,800,False,0.5783113407222822,0.6618113407222819,0.0,0.0,-0.08350000000000006
R3,heur_perp,17,0.0,0.0,1.0,800,False,0.5909089981564322,0.6614089981564311,0.0,0.0,-0.07050000000000005
R3,heur_perp,18,0.0,0.0,1.0,800,False,0.5937529051258811,0.6717529051258809,0.0,0.0,-0.07800000000000006
R3,heur_perp,19,0.0,0.0,1.0,800,False,0.5810640859859029,0.6560640859859035,0.0,0.0,-0.07500000000000005
R3,heur_perp,20,0.0,0.0,1.0,800,False,0.5909650397463546,0.6624650397463545,0.0,0.0,-0.07150000000000005
R3,heur_perp,21,0.0,0.0,1.0,800,False,0.5988655065685481,0.6718655065685483,0.0,0.0,-0.07300000000000005
R3,heur_perp,22,0.0,0.0,1.0,800,False,0.5976644823930871,0.6656644823930858,0.0,0.0,-0.06800000000000005
R3,heur_perp,23,0.0,0.0,1.0,800,False,0.5704410200673738,0.6634410200673736,0.0,0.0,-0.09300000000000007
R3,heur_perp,24,0.0,0.0,1.0,800,False,0.5913002174548408,0.6698002174548409,0.0,0.0,-0.07850000000000006
R3,heur_perp,25,0.01,0.0,0.99,800,False,0.5862674569613331,0.6647674569613331,0.01,0.0,-0.08850000000000006
R3,heur_perp,26,0.0,0.0,1.0,800,False,0.5922231746715576,0.672223174671557,0.0,0.0,-0.08000000000000006
R3,heur_perp,27,0.005,0.0,0.995,800,False,0.5678739667706048,0.6573739667706044,0.005,0.0,-0.09450000000000007
R3,heur_perp,28,0.035,0.0,0.965,800,False,0.59069670586236,0.6576967058623607,0.035,0.0,-0.10200000000000008
R3,heur_perp,29,0.0,0.0,1.0,800,False,0.5868259158325413,0.6658259158325415,0.0,0.0,-0.07900000000000006
R3,heur_branch,0,0.96,0.0,0.04,584,True,1.6554240023073892,0.9874240023073846,0.96,0.0,-0.2920000000000002
R3,heur_branch,1,0.955,0.0,0.045,587,True,1.649782943658771,0.9882829436587685,0.955,0.0,-0.2935000000000002
R3,heur_branch,2,0.95,0.0,0.05,583,True,1.646551687513268,0.988051687513264,0.95,0.0,-0.2915000000000002
R3,heur_branch,3,0.95,0.0,0.05,585,True,1.6457069411444585,0.9882069411444543,0.95,0.0,-0.2925000000000002
R3,heur_branch,4,0.95,0.0,0.05,587,True,1.64373337074756,0.9872333707475566,0.95,0.0,-0.2935000000000002
R3,heur_branch,5,0.95,0.0,0.05,590,True,1.6435394321651045,0.9885394321651021,0.95,0.0,-0.2950000000000002
R3,heur_branch,6,0.95,0.0,0.05,577,True,1.6489685423936922,0.9874685423936884,0.95,0.0,-0.2885000000000002
R3,heur_branch,7,0.95,0.0,0.05,585,True,1.6456329761876831,0.9881329761876797,0.95,0.0,-0.2925000000000002
R3,heur_branch,8,0.95,0.0,0.05,580,True,1.6485014655184098,0.9885014655184069,0.95,0.0,-0.2900000000000002
R3,heur_branch,9,0.955,0.0,0.045,585,True,1.6504494284679623,0.9879494284679573,0.955,0.0,-0.2925000000000002
R3,heur_branch,10,0.955,0.0,0.045,588,True,1.6496720233903595,0.9886720233903566,0.955,0.0,-0.2940000000000002
R3,heur_branch,11,0.95,0.0,0.05,584,True,1.6469525810120471,0.9889525810120443,0.95,0.0,-0.2920000000000002
R3,heur_branch,12,0.95,0.0,0.05,589,True,1.6441384032462363,0.9886384032462313,0.95,0.0,-0.2945000000000002
R3,heur_branch,13,0.955,0.0,0.045,584,True,1.6503986528668433,0.9873986528668401,0.955,0.0,-0.2920000000000002
R3,heur_branch,14,0.95,0.0,0.05,584,True,1.6465594948149216,0.9885594948149199,0.95,0.0,-0.2920000000000002
R3,heur_branch,15,0.955,0.0,0.045,586,True,1.6497836537844937,0.9877836537844878,0.955,0.0,-0.2930000000000002
R3,heur_branch,16,0.95,0.0,0.05,586,True,1.6455590503179083,0.9885590503179011,0.95,0.0,-0.2930000000000002
R3,heur_branch,17,0.95,0.0,0.05,585,True,1.6460273822826494,0.9885273822826467,0.95,0.0,-0.2925000000000002
R3,heur_branch,18,0.96,0.0,0.04,591,True,1.6530705067475253,0.9885705067475211,0.96,0.0,-0.2955000000000002
R3,heur_branch,19,0.95,0.0,0.05,584,True,1.6463224212666212,0.9883224212666172,0.95,0.0,-0.2920000000000002
R3,heur_branch,20,0.955,0.0,0.045,583,True,1.652164734524146,0.9886647345241427,0.955,0.0,-0.2915000000000002
R3,heur_branch,21,0.95,0.0,0.05,589,True,1.6441195311850736,0.9886195311850713,0.95,0.0,-0.2945000000000002
R3,heur_branch,22,0.95,0.0,0.05,583,True,1.6468559681843453,0.988355968184342,0.95,0.0,-0.2915000000000002
R3,heur_branch,23,0.95,0.0,0.05,588,True,1.644181824027571,0.9881818240275673,0.95,0.0,-0.2940000000000002
R3,heur_branch,24,0.955,0.0,0.045,586,True,1.650797292936667,0.9887972929366633,0.955,0.0,-0.2930000000000002
R3,heur_branch,25,0.955,0.0,0.045,593,True,1.6472413094472054,0.9887413094472012,0.955,0.0,-0.2965000000000002
R3,heur_branch,26,0.95,0.0,0.05,588,True,1.6438778234616396,0.9878778234616363,0.95,0.0,-0.2940000000000002
R3,heur_branch,27,0.95,0.0,0.05,592,True,1.6419338852217504,0.9879338852217481,0.95,0.0,-0.2960000000000002
R3,heur_branch,28,0.95,0.0,0.05,590,True,1.6424771366230113,0.9874771366230056,0.95,0.0,-0.2950000000000002
R3,heur_branch,29,0.955,0.0,0.045,591,True,1.6481473256197625,0.9886473256197607,0.955,0.0,-0.2955000000000002
R4,zero,0,0.455,0.495,0.05,384,True,0.4812818492192373,0.5212818492192376,0.455,-0.495,0.0
R4,zero,1,0.44,0.51,0.05,390,True,0.4409635985287194,0.5109635985287191,0.44,-0.51,0.0
R4,zero,2,0.49,0.46,0.05,368,True,0.5855880891489242,0.5555880891489244,0.49,-0.46,0.0
R4,zero,3,0.5,0.45,0.05,384,True,0.6062152226587805,0.5562152226587793,0.5,-0.45,0.0
R4,zero,4,0.58,0.37,0.05,356,True,0.844927226491559,0.6349272264915593,0.58,-0.37,0.0
R4,zero,5,0.475,0.475,0.05,383,True,0.5416672974859638,0.5416672974859627,0.475,-0.475,0.0
R4,zero,6,0.47,0.48,0.05,403,True,0.5290088846497258,0.5390088846497263,0.47,-0.48,0.0
R4,zero,7,0.465,0.485,0.05,405,True,0.5139999282360754,0.5339999282360766,0.465,-0.485,0.0
R4,zero,8,0.525,0.425,0.05,390,True,0.6871942322053919,0.5871942322053925,0.525,-0.425,0.0
R4,zero,9,0.495,0.455,0.05,391,True,0.60169063678403,0.5616906367840299,0.495,-0.455,0.0
R4,zero,10,0.49,0.46,0.05,389,True,0.5808090890817139,0.5508090890817147,0.49,-0.46,0.0
R4,zero,11,0.48,0.47,0.05,392,True,0.5627230400119019,0.5527230400119021,0.48,-0.47,0.0
R4,zero,12,0.485,0.465,0.05,377,True,0.5671726705390736,0.5471726705390738,0.485,-0.465,0.0
R4,zero,13,0.435,0.515,0.05,360,True,0.4270934313535883,0.5070934313535878,0.435,-0.515,0.0
R4,zero,14,0.435,0.515,0.05,402,True,0.4358579717443701,0.5158579717443699,0.435,-0.515,0.0
R4,zero,15,0.485,0.465,0.05,370,True,0.5803051644280206,0.5603051644280201,0.485,-0.465,0.0
R4,zero,16,0.49,0.46,0.05,406,True,0.5984422990613036,0.568442299061303,0.49,-0.46,0.0
R4,zero,17,0.465,0.485,0.05,374,True,0.5149933288097821,0.5349933288097817,0.465,-0.485,0.0
R4,zero,18,0.495,0.455,0.05,397,True,0.5985402879459696,0.5585402879459702,0.495,-0.455,0.0
R4,zero,19,0.47,0.48,0.05,400,True,0.5411235962198668,0.5511235962198666,0.47,-0.48,0.0
R4,zero,20,0.455,0.495,0.05,368,True,0.48190978611865265,0.5219097861186528,0.455,-0.495,0.0
R4,zero,21,0.415,0.535,0.05,398,True,0.3754288620671629,0.4954288620671631,0.415,-0.535,0.0
R4,zero,22,0.45,0.5,0.05,367,True,0.4737627110867139,0.5237627110867137,0.45,-0.5,0.0
R4,zero,23,0.495,0.455,0.05,409,True,0.6011716396486917,0.5611716396486919,0.495,-0.455,0.0
R4,zero,24,0.48,0.47,0.05,380,True,0.5553394926237265,0.5453394926237256,0.48,-0.47,0.0
R4,zero,25,0.47,0.48,0.05,398,True,0.536293762244606,0.5462937622446056,0.47,-0.48,0.0
R4,zero,26,0.48,0.47,0.05,392,True,0.5488019745414008,0.5388019745413994,0.48,-0.47,0.0
R4,zero,27,0.515,0.435,0.05,395,True,0.6605509142195403,0.5805509142195404,0.515,-0.435,0.0
R4,zero,28,0.5,0.45,0.05,404,True,0.6191934836772497,0.5691934836772485,0.5,-0.45,0.0
R4,zero,29,0.495,0.455,0.05,377,True,0.600519070442595,0.5605190704425951,0.495,-0.455,0.0
R4,random,0,0.435,0.515,0.05,415,True,0.3011878946167249,0.4988626997711387,0.435,-0.515,-0.1176748051544136
R4,random,1,0.41,0.54,0.05,390,True,0.22886632407363483,0.4799419952822457,0.41,-0.54,-0.12107567120861105
R4,random,2,0.375,0.575,0.05,372,True,0.14927060492488592,0.45798141597490116,0.375,-0.575,-0.10871081105001526
R4,random,3,0.465,0.485,0.05,397,True,0.3911387166812788,0.5343762901652158,0.465,-0.485,-0.12323757348393674
R4,random,4,0.455,0.495,0.05,375,True,0.3644966664527917,0.5202257875950288,0.455,-0.495,-0.11572912114223739
R4,random,5,0.39,0.56,0.05,414,True,0.16150523259939753,0.460169155819099,0.39,-0.56,-0.12866392321970146
R4,random,6,0.465,0.485,0.05,420,True,0.38680545960375395,0.5350270439893337,0.465,-0.485,-0.1282215843855802
R4,random,7,0.585,0.365,0.05,372,True,0.7571576990060009,0.6500102719415006,0.585,-0.365,-0.1128525729355014
R4,random,8,0.43,0.525,0.045,354,True,0.29999252451603226,0.49893630462348193,0.43,-0.525,-0.10394378010744842
R4,random,9,0.58,0.37,0.05,360,True,0.7557608483822423,0.6514240702815446,0.58,-0.37,-0.10566322189930276
R4,random,10,0.42,0.53,0.05,410,True,0.25206100898033273,0.49113250064319297,0.42,-0.53,-0.1290714916628591
R4,random,11,0.485,0.465,0.05,399,True,0.4606903483912587,0.5567347839024346,0.485,-0.465,-0.11604443551117619
R4,random,12,0.545,0.405,0.05,392,True,0.6357398353597035,0.6152921537864804,0.545,-0.405,-0.11955231842677735
R4,random,13,0.4,0.55,0.05,404,True,0.21527029221606814,0.49176323114802906,0.4,-0.55,-0.12649293893196073
R4,random,14,0.325,0.625,0.05,363,True,0.0007464470956767763,0.4099620638918734,0.325,-0.625,-0.10921561679619664
R4,random,15,0.405,0.545,0.05,367,True,0.22142364113212631,0.47438574871361483,0.405,-0.545,-0.11296210758148856
R4,random,16,0.445,0.505,0.05,406,True,0.3287459753081172,0.5176887391833727,0.445,-0.505,-0.1289427638752546
R4,random,17,0.405,0.55,0.045,412,True,0.2144183230207694,0.4805693344975548,0.405,-0.55,-0.12115101147678509
R4,random,18,0.57,0.38,0.05,400,True,0.6937829812529887,0.6265001794716697,0.57,-0.38,-0.12271719821868274
R4,random,19,0.48,0.47,0.05,390,True,0.4404382892124796,0.5483540840523702,0.48,-0.47,-0.11791579483989008
R4,random,20,0.46,0.49,0.05,406,True,0.38430512362367025,0.5381678021913519,0.46,-0.49,-0.12386267856768103
R4,random,21,0.445,0.505,0.05,410,True,0.320458091779805,0.510787866652662,0.445,-0.505,-0.1303297748728565
R4,random,22,0.51,0.44,0.05,346,True,0.5482800126812115,0.5830335622941645,0.51,-0.44,-0.10475354961295484
R4,random,23,0.605,0.345,0.05,394,True,0.8091270801639698,0.670053742105094,0.605,-0.345,-0.12092666194112492
R4,random,24,0.485,0.465,0.05,385,True,0.4568730004216239,0.5517416797261309,0.485,-0.465,-0.1148686793045071
R4,random,25,0.37,0.585,0.045,396,True,0.10822590334984906,0.43924593538373125,0.37,-0.585,-0.11602003203388175
R4,random,26,0.55,0.4,0.05,353,True,0.6583826339638266,0.6150588886105567,0.55,-0.4,-0.10667625464672946
R4,random,27,0.595,0.36,0.045,358,True,0.7808760192984725,0.6586960425711457,0.595,-0.36,-0.11282002327267407
R4,random,28,0.49,0.46,0.05,375,True,0.4815244967587448,0.5675827593395907,0.49,-0.46,-0.11605826258084649
R4,random,29,0.475,0.475,0.05,361,True,0.4276995078621965,0.5360740731830744,0.475,-0.475,-0.10837456532087819
R4,heur_perp,0,0.845,0.105,0.05,457,True,1.5837662993321953,0.8872662993321956,0.845,-0.105,-0.04350000000000003
R4,heur_perp,1,0.85,0.1,0.05,441,True,1.6006262597458858,0.8931262597458867,0.85,-0.1,-0.04250000000000003
R4,heur_perp,2,0.86,0.09,0.05,439,True,1.6259712477947619,0.9009712477947642,0.86,-0.09,-0.04500000000000003
R4,heur_perp,3,0.905,0.045,0.05,459,True,1.7571681626374007,0.9436681626374005,0.905,-0.045,-0.046500000000000034
R4,heur_perp,4,0.905,0.045,0.05,481,True,1.7519189983715835,0.9429189983715835,0.905,-0.045,-0.05100000000000004
R4,heur_perp,5,0.89,0.06,0.05,455,True,1.7144684512057946,0.9289684512057932,0.89,-0.06,-0.04450000000000003
R4,heur_perp,6,0.85,0.1,0.05,439,True,1.6003170556203272,0.8953170556203279,0.85,-0.1,-0.04500000000000003
R4,heur_perp,7,0.885,0.065,0.05,437,True,1.7021207443279445,0.9276207443279451,0.885,-0.065,-0.045500000000000033
R4,heur_perp,8,0.915,0.035,0.05,474,True,1.7797614281856216,0.9522614281856205,0.915,-0.035,-0.05250000000000004
R4,heur_perp,9,0.92,0.03,0.05,433,True,1.799513935266643,0.9565139352666429,0.92,-0.03,-0.047000000000000035
R4,heur_perp,10,0.895,0.055,0.05,465,True,1.7270945473038972,0.9345945473038982,0.895,-0.055,-0.047500000000000035
R4,heur_perp,11,0.885,0.065,0.05,423,True,1.6955574325033,0.9230574325033003,0.885,-0.065,-0.047500000000000035
R4,heur_perp,12,0.905,0.045,0.05,448,True,1.7535320650191168,0.944032065019116,0.905,-0.045,-0.05050000000000004
R4,heur_perp,13,0.86,0.095,0.045,427,True,1.6124381224407314,0.8919381224407319,0.86,-0.095,-0.04450000000000003
R4,heur_perp,14,0.885,0.065,0.05,457,True,1.6953884528229972,0.922888452822996,0.885,-0.065,-0.047500000000000035
R4,heur_perp,15,0.895,0.055,0.05,455,True,1.729166423216991,0.9346664232169902,0.895,-0.055,-0.045500000000000033
R4,heur_perp,16,0.885,0.065,0.05,449,True,1.6948141441309639,0.9233141441309654,0.885,-0.065,-0.048500000000000036
R4,heur_perp,17,0.89,0.06,0.05,419,True,1.7168798491651653,0.9303798491651664,0.89,-0.06,-0.04350000000000003
R4,heur_perp,18,0.885,0.065,0.05,436,True,1.6993333619579938,0.9253333619579968,0.885,-0.065,-0.046000000000000034
R4,heur_perp,19,0.88,0.07,0.05,422,True,1.6850870174114483,0.9200870174114486,0.88,-0.07,-0.04500000000000003
R4,heur_perp,20,0.885,0.065,0.05,428,True,1.6992509352750147,0.9242509352750139,0.885,-0.065,-0.04500000000000003
R4,heur_perp,21,0.855,0.095,0.05,450,True,1.6131448494867129,0.8971448494867134,0.855,-0.095,-0.04400000000000003
R4,heur_perp,22,0.865,0.085,0.05,437,True,1.6401959091774505,0.9066959091774502,0.865,-0.085,-0.046500000000000034
R4,heur_perp,23,0.91,0.05,0.04,432,True,1.7548210164630755,0.9408210164630763,0.91,-0.05,-0.046000000000000034
R4,heur_perp,24,0.885,0.065,0.05,443,True,1.7051458230139345,0.9276458230139338,0.885,-0.065,-0.04250000000000003
R4,heur_perp,25,0.88,0.07,0.05,488,True,1.6805366859406157,0.9215366859406162,0.88,-0.07,-0.05100000000000004
R4,heur_perp,26,0.89,0.06,0.05,451,True,1.708266154957038,0.9247661549570357,0.89,-0.06,-0.046500000000000034
R4,heur_perp,27,0.91,0.04,0.05,465,True,1.7663850895080988,0.9478850895081002,0.91,-0.04,-0.05150000000000004
R4,heur_perp,28,0.835,0.115,0.05,439,True,1.5506091761332783,0.8781091761332784,0.835,-0.115,-0.047500000000000035
R4,heur_perp,29,0.87,0.08,0.05,456,True,1.657975856809544,0.9129758568095441,0.87,-0.08,-0.04500000000000003
R4,heur_branch,0,0.915,0.035,0.05,309,True,1.6784765393849403,0.952976539384939,0.915,-0.035,-0.1545000000000001
R4,heur_branch,1,0.91,0.04,0.05,326,True,1.6529622028454465,0.9459622028454451,0.91,-0.04,-0.16300000000000012
R4,heur_branch,2,0.935,0.015,0.05,316,True,1.7330731588930872,0.9710731588930848,0.935,-0.015,-0.1580000000000001
R4,heur_branch,3,0.915,0.035,0.05,317,True,1.6687576892178313,0.9472576892178295,0.915,-0.035,-0.1585000000000001
R4,heur_branch,4,0.91,0.04,0.05,329,True,1.655438616443984,0.9499386164439815,0.91,-0.04,-0.16450000000000012
R4,heur_branch,5,0.925,0.025,0.05,316,True,1.7035811363642805,0.961581136364281,0.925,-0.025,-0.1580000000000001
R4,heur_branch,6,0.925,0.025,0.05,323,True,1.701198787112348,0.9626987871123469,0.925,-0.025,-0.16150000000000012
R4,heur_branch,7,0.93,0.035,0.035,335,True,1.6831160927572018,0.9556160927572017,0.93,-0.035,-0.16750000000000012
R4,heur_branch,8,0.93,0.025,0.045,311,True,1.7133991128952009,0.9638991128951988,0.93,-0.025,-0.1555000000000001
R4,heur_branch,9,0.925,0.025,0.05,314,True,1.705229405935499,0.9622294059354983,0.925,-0.025,-0.1570000000000001
R4,heur_branch,10,0.915,0.035,0.05,334,True,1.667739306822729,0.954739306822728,0.915,-0.035,-0.16700000000000012
R4,heur_branch,11,0.895,0.055,0.05,317,True,1.6139112452450852,0.9324112452450847,0.895,-0.055,-0.1585000000000001
R4,heur_branch,12,0.9,0.055,0.045,323,True,1.6201909357776685,0.9366909357776675,0.9,-0.055,-0.16150000000000012
R4,heur_branch,13,0.91,0.04,0.05,317,True,1.6556093458299257,0.944109345829925,0.91,-0.04,-0.1585000000000001
R4,heur_branch,14,0.88,0.07,0.05,319,True,1.565692352221967,0.9151923522219663,0.88,-0.07,-0.15950000000000011
R4,heur_branch,15,0.915,0.035,0.05,315,True,1.6755801061746782,0.953080106174678,0.915,-0.035,-0.1575000000000001
R4,heur_branch,16,0.925,0.025,0.05,330,True,1.690740083587375,0.9557400835873737,0.925,-0.025,-0.16500000000000012
R4,heur_branch,17,0.925,0.03,0.045,324,True,1.692810208131344,0.9598102081313433,0.925,-0.03,-0.16200000000000012
R4,heur_branch,18,0.91,0.045,0.045,318,True,1.6513153651707677,0.945315365170768,0.91,-0.045,-0.1590000000000001
R4,heur_branch,19,0.93,0.025,0.045,315,True,1.7113149865850266,0.963814986585025,0.93,-0.025,-0.1575000000000001
R4,heur_branch,20,0.91,0.04,0.05,317,True,1.662891677711688,0.9513916777116873,0.91,-0.04,-0.1585000000000001
R4,heur_branch,21,0.935,0.02,0.045,329,True,1.7162495876961805,0.9657495876961796,0.935,-0.02,-0.16450000000000012
R4,heur_branch,22,0.935,0.015,0.05,317,True,1.72925330234242,0.9677533023424195,0.935,-0.015,-0.1585000000000001
R4,heur_branch,23,0.94,0.01,0.05,332,True,1.7413644724189303,0.9773644724189298,0.94,-0.01,-0.16600000000000012
R4,heur_branch,24,0.935,0.015,0.05,321,True,1.7314168718802367,0.9719168718802363,0.935,-0.015,-0.16050000000000011
R4,heur_branch,25,0.935,0.015,0.05,332,True,1.7257326086707365,0.9717326086707356,0.935,-0.015,-0.16600000000000012
R4,heur_branch,26,0.92,0.03,0.05,330,True,1.6801767109786987,0.9551767109786987,0.92,-0.03,-0.16500000000000012
R4,heur_branch,27,0.925,0.025,0.05,331,True,1.697795822495114,0.9632958224951126,0.925,-0.025,-0.16550000000000012
R4,heur_branch,28,0.915,0.035,0.05,318,True,1.674005897961707,0.9530058979617069,0.915,-0.035,-0.1590000000000001
R4,heur_branch,29,0.915,0.035,0.05,315,True,1.675982055901534,0.9534820559015332,0.915,-0.035,-0.1575000000000001
